feature_name,original_indicator,source,unit,year_coverage,domain,transformation,missingness,description
maternal_anc_registered_total,hmis_total_number_of_pregnant_women_registered_for_anc_public_and_private_facilities_or_rural_and_urban_facilities_value_in_absolute_number,HMIS,absolute_count,2008-2021 (14 yrs),maternal_health,direct_extraction,0.0%,Total number of pregnant women registered for ANC
maternal_anc_3plus_checkups,hmis_number_of_pregnant_women_received_3_anc_check_ups_during_pregnancy_public_and_private_facilities_or_rural_and_urban_facilities_value_in_absolute_number,HMIS,absolute_count,2008-2016 (9 yrs),maternal_health,direct_extraction,35.7%,Pregnant women received 3+ ANC check-ups during pregnancy
maternal_ifa_100_tablets_given,hmis_total_number_of_pregnant_women_given_100_ifa_tablets_public_and_private_facilities_or_rural_and_urban_facilities_value_in_absolute_number,HMIS,absolute_count,2008-2016 (9 yrs),maternal_health,direct_extraction,35.7%,Total pregnant women given 100 IFA tablets
maternal_institutional_deliveries_public,hmis_deliveries_conducted_at_public_institutions_including_c_sections_public_and_private_facilities_or_rural_and_urban_facilities_value_in_absolute_number,HMIS,absolute_count,2008-2016 (9 yrs),maternal_health,direct_extraction,35.7%,Deliveries conducted at public institutions
maternal_postpartum_checkup_48h,hmis_women_getting_post_partum_check_up_within_48_hours_after_delivery_public_and_private_facilities_or_rural_and_urban_facilities_value_in_absolute_number,HMIS,absolute_count,2008-2016 (9 yrs),maternal_health,direct_extraction,35.7%,Women receiving postpartum check-up within 48 hours after delivery
maternal_c_section_deliveries,hmis_total_c_section_deliveries_performed_public_and_private_facilities_or_rural_and_urban_facilities_value_in_absolute_number,HMIS,absolute_count,2017-2021 (5 yrs),maternal_health,direct_extraction,64.3%,Total C-section deliveries performed
maternal_eclampsia_managed,hmis_number_of_eclampsia_cases_managed_during_delivery_public_and_private_facilities_or_rural_and_urban_facilities_value_in_absolute_number,HMIS,absolute_count,2010-2021 (12 yrs),maternal_health,direct_extraction,14.3%,Eclampsia cases managed during delivery
maternal_deaths_reported,hmis_number_of_cases_of_maternal_deaths_age_15_49_years_with_the_probable_cause_being_other_causes_excluding_abortion_obstructed_or_prolonged_labour_severe_hypertension_or_fits_pub,HMIS,absolute_count,2008-2016 (9 yrs),maternal_health,direct_extraction,35.7%,Maternal deaths (age 15-49) reported
nfhs5_maternal_anc_first_trimester_pct,nfhs5_mothers_who_had_an_antenatal_check_up_in_the_first_trimester,NFHS-5,percentage,2019-2019 (1 yrs),maternal_health,survey_baseline_retained_2019_only,92.9%,Mothers who had ANC check-up in first trimester
nfhs5_maternal_anc_4plus_visits_pct,nfhs5_mothers_who_had_at_least_4_antenatal_care_visits,NFHS-5,percentage,2019-2019 (1 yrs),maternal_health,survey_baseline_retained_2019_only,92.9%,Mothers who had at least 4 ANC visits
nfhs5_maternal_ifa_100_days_pct,nfhs5_mothers_who_consumed_iron_folic_acid_for_100_days_or_more_when_they_were_pregnant,NFHS-5,percentage,2019-2019 (1 yrs),maternal_health,survey_baseline_retained_2019_only,92.9%,Mothers consumed IFA for 100+ days during pregnancy
nfhs5_maternal_ifa_180_days_pct,nfhs5_mothers_who_consumed_iron_folic_acid_for_180_days_or_more_when_they_were_pregnant,NFHS-5,percentage,2019-2019 (1 yrs),maternal_health,survey_baseline_retained_2019_only,92.9%,Mothers consumed IFA for 180+ days during pregnancy
nfhs5_maternal_institutional_births_pct,nfhs5_institutional_births,NFHS-5,percentage,2019-2019 (1 yrs),maternal_health,survey_baseline_retained_2019_only,92.9%,Institutional births
nfhs5_maternal_skilled_attendance_pct,nfhs5_births_attended_by_skilled_health_personnel10,NFHS-5,percentage,2019-2019 (1 yrs),maternal_health,survey_baseline_retained_2019_only,92.9%,Births attended by skilled health personnel
nfhs5_maternal_c_section_pct,nfhs5_births_delivered_by_caesarean_section,NFHS-5,percentage,2019-2019 (1 yrs),maternal_health,survey_baseline_retained_2019_only,92.9%,Births delivered by caesarean section
nfhs5_maternal_postnatal_care_2days_pct,nfhs5_mothers_who_received_postnatal_care_from_a_doctor_nurse_lhv_anm_midwife_other_health_personnel_within_2_days_of_delivery,NFHS-5,percentage,2019-2019 (1 yrs),maternal_health,survey_baseline_retained_2019_only,92.9%,Mothers received postnatal care within 2 days of delivery
child_immunisation_sessions_held,hmis_number_of_immunisation_sessions_held_during_the_month_public_and_private_facilities_or_rural_and_urban_facilities_value_in_absolute_number,HMIS,absolute_count,2008-2016 (9 yrs),child_health,direct_extraction,35.7%,Immunisation sessions held
child_fully_immunised_total,hmis_total_number_of_children_9_to_11_months_old_fully_immunised_bcg_dpt123_pentavalent123_opv123_measles_during_the_month_sum_of_items_10_1_13_a_and_10_1_13_b_public_and_private_f,HMIS,absolute_count,2008-2016 (9 yrs),child_health,direct_extraction,35.7%,Children 9-11 months fully immunised
child_bcg_vaccinated,hmis_number_of_infants_0_to_11_months_old_received_bcg_immunisation_public_and_private_facilities_or_rural_and_urban_facilities_value_in_absolute_number,HMIS,absolute_count,2008-2016 (9 yrs),child_health,direct_extraction,35.7%,Infants received BCG immunisation
child_dpt3_vaccinated,hmis_number_of_infants_0_to_11_months_old_received_dpt3_immunisation_public_and_private_facilities_or_rural_and_urban_facilities_value_in_absolute_number,HMIS,absolute_count,2008-2016 (9 yrs),child_health,direct_extraction,35.7%,Infants received DPT3 immunisation
child_opv3_vaccinated,hmis_number_of_infants_0_to_11_months_old_received_opv3_third_dose_public_and_private_facilities_or_rural_and_urban_facilities_value_in_absolute_number,HMIS,absolute_count,2008-2016 (9 yrs),child_health,direct_extraction,35.7%,Infants received OPV3 third dose
child_measles_vaccinated,hmis_number_of_infants_0_to_11_months_old_received_measles_immunisation_first_dose_public_and_private_facilities_or_rural_and_urban_facilities_value_in_absolute_number,HMIS,absolute_count,2008-2016 (9 yrs),child_health,direct_extraction,35.7%,Infants received Measles immunisation
child_under5_deaths_reported,hmis_number_of_cases_of_infant_or_child_deaths_between_1_month_to_5_years_of_age_with_the_probable_cause_being_other_than_pneumonia_diarrhoea_fever_related_and_measles_public_and_p,HMIS,absolute_count,2008-2016 (9 yrs),child_health,direct_extraction,35.7%,Reported deaths in children between 1 month to 5 years
nfhs5_child_fully_vaccinated_pct,nfhs5_children_age_12_23_months_fully_vaccinated_based_on_information_from_either_vaccination_card_or_mother_s_recall11,NFHS-5,percentage,2019-2019 (1 yrs),child_health,survey_baseline_retained_2019_only,92.9%,Children 12-23 months fully vaccinated
nfhs5_child_bcg_pct,nfhs5_children_age_12_23_months_who_have_received_bcg,NFHS-5,percentage,2019-2019 (1 yrs),child_health,survey_baseline_retained_2019_only,92.9%,Children 12-23 months received BCG
nfhs5_child_polio3_pct,nfhs5_children_age_12_23_months_who_have_received_3_doses_of_polio_vaccine13,NFHS-5,percentage,2019-2019 (1 yrs),child_health,survey_baseline_retained_2019_only,92.9%,Children 12-23 months received 3 doses polio
nfhs5_child_penta_dpt3_pct,nfhs5_children_age_12_23_months_who_have_received_3_doses_of_penta_or_dpt_vaccine,NFHS-5,percentage,2019-2019 (1 yrs),child_health,survey_baseline_retained_2019_only,92.9%,Children 12-23 months received 3 doses penta or DPT
nfhs5_child_measles_mcv1_pct,nfhs5_children_age_12_23_months_who_have_received_the_first_dose_of_measles_containing_vaccine_mcv,NFHS-5,percentage,2019-2019 (1 yrs),child_health,survey_baseline_retained_2019_only,92.9%,Children 12-23 months received 1st dose measles vaccine
nfhs5_child_vitamin_a_pct,nfhs5_children_age_9_35_months_who_received_a_vitamin_a_dose_in_the_last_6_months,NFHS-5,percentage,2019-2019 (1 yrs),child_health,survey_baseline_retained_2019_only,92.9%,Children 9-35 months received Vitamin A in last 6 months
nutrition_newborns_weighed,hmis_number_of_newborns_weighed_at_birth_public_and_private_facilities_or_rural_and_urban_facilities_value_in_absolute_number,HMIS,absolute_count,2008-2021 (14 yrs),nutrition,direct_extraction,0.0%,Newborns weighed at birth
nutrition_low_birth_weight_under_2_5kg,hmis_number_of_newborns_having_weight_less_than_2_5_kg_public_and_private_facilities_or_rural_and_urban_facilities_value_in_absolute_number,HMIS,absolute_count,2008-2021 (14 yrs),nutrition,direct_extraction,0.0%,Newborns having birth weight less than 2.5 kg
nutrition_breastfed_within_1hr,hmis_number_of_newborns_breast_fed_within_1_hour_of_birth_public_and_private_facilities_or_rural_and_urban_facilities_value_in_absolute_number,HMIS,absolute_count,2010-2021 (12 yrs),nutrition,direct_extraction,14.3%,Newborns breast fed within 1 hour of birth
nfhs5_nutrition_stunting_pct,nfhs5_children_under_5_years_who_are_stunted_height_for_age_18,NFHS-5,percentage,2019-2019 (1 yrs),nutrition,survey_baseline_retained_2019_only,92.9%,Children under 5 years stunted (height-for-age)
nfhs5_nutrition_wasting_pct,nfhs5_children_under_5_years_who_are_wasted_weight_for_height_18,NFHS-5,percentage,2019-2019 (1 yrs),nutrition,survey_baseline_retained_2019_only,92.9%,Children under 5 years wasted (weight-for-height)
nfhs5_nutrition_severe_wasting_pct,nfhs5_children_under_5_years_who_are_severely_wasted_weight_for_height_19,NFHS-5,percentage,2019-2019 (1 yrs),nutrition,survey_baseline_retained_2019_only,92.9%,Children under 5 years severely wasted (weight-for-height)
nfhs5_nutrition_underweight_pct,nfhs5_children_under_5_years_who_are_underweight_weight_for_age_18,NFHS-5,percentage,2019-2019 (1 yrs),nutrition,survey_baseline_retained_2019_only,92.9%,Children under 5 years underweight (weight-for-age)
nfhs5_nutrition_child_anemia_pct,nfhs5_children_age_6_59_months_who_are_anaemic_11_0_g_dl_22,NFHS-5,percentage,2019-2019 (1 yrs),nutrition,survey_baseline_retained_2019_only,92.9%,Children 6-59 months anaemic (<11.0 g/dl)
nfhs5_nutrition_women_anemia_pct,nfhs5_all_women_age_15_49_years_who_are_anaemic22,NFHS-5,percentage,2019-2019 (1 yrs),nutrition,survey_baseline_retained_2019_only,92.9%,All women age 15-49 years anaemic
nfhs5_nutrition_women_overweight_obese_pct,nfhs5_women_who_are_overweight_or_obese_bmi_25_0_kg_m2_21,NFHS-5,percentage,2019-2019 (1 yrs),nutrition,survey_baseline_retained_2019_only,92.9%,Women overweight or obese (BMI >= 25 kg/m2)
nfhs5_nutrition_women_underweight_pct,nfhs5_women_whose_body_mass_index_bmi_is_below_normal_bmi_18_5_kg_m2_21,NFHS-5,percentage,2019-2019 (1 yrs),nutrition,survey_baseline_retained_2019_only,92.9%,Women below normal BMI (<18.5 kg/m2)
ncd_hypertension_cases_detected,hmis_number_of_new_cases_of_hypertension_bp_140_90_detected_in_pregnant_women_at_the_institution_public_and_private_facilities_or_rural_and_urban_facilities_value_in_absolute_numbe,HMIS,absolute_count,2010-2016 (7 yrs),ncd,direct_extraction,50.0%,New cases of hypertension (BP>140/90) detected at facilities
ncd_outpatient_hypertension_attendance,hmis_outpatient_hypertension_urban_value_in_absolute_number,HMIS,absolute_count,2017-2021 (5 yrs),ncd,direct_extraction,64.3%,Urban outpatient attendance for hypertension
ncd_outpatient_diabetes_attendance,hmis_outpatient_diabetes_urban_value_in_absolute_number,HMIS,absolute_count,2017-2021 (5 yrs),ncd,direct_extraction,64.3%,Urban outpatient attendance for diabetes
ncd_outpatient_heart_disease_attendance,hmis_outpatient_acute_heart_diseases_urban_value_in_absolute_number,HMIS,absolute_count,2017-2021 (5 yrs),ncd,direct_extraction,64.3%,Urban outpatient attendance for acute heart diseases
ncd_outpatient_stroke_attendance,hmis_outpatient_stroke_paralysis_urban_value_in_absolute_number,HMIS,absolute_count,2017-2021 (5 yrs),ncd,direct_extraction,64.3%,Urban outpatient attendance for stroke/paralysis
ncd_adult_deaths_heart_hypertension,hmis_number_of_adolscent_adult_deaths_due_to_heart_disease_hypertension_related_urban_value_in_absolute_number,HMIS,absolute_count,2017-2021 (5 yrs),ncd,direct_extraction,64.3%,Adult deaths due to heart disease / hypertension related causes
ncd_adult_deaths_cancer,hmis_number_of_adolscent_adult_deaths_due_to_cancer_urban_value_in_absolute_number,HMIS,absolute_count,2017-2021 (5 yrs),ncd,direct_extraction,64.3%,Adult deaths due to cancer
nfhs5_ncd_blood_sugar_high_pct,nfhs5_blood_sugar_level_high_141_160_mg_dl_23,NFHS-5,percentage,2019-2019 (1 yrs),ncd,survey_baseline_retained_2019_only,92.9%,High blood sugar level (141-160 mg/dl)
nfhs5_ncd_blood_sugar_very_high_pct,nfhs5_blood_sugar_level_very_high_160_mg_dl_23,NFHS-5,percentage,2019-2019 (1 yrs),ncd,survey_baseline_retained_2019_only,92.9%,Very high blood sugar level (>160 mg/dl)
nfhs5_ncd_bp_mildly_elevated_pct,nfhs5_mildly_elevated_blood_pressure_systolic_140_159_mm_of_hg_and_or_diastolic_90_99_mm_of_hg,NFHS-5,percentage,2019-2019 (1 yrs),ncd,survey_baseline_retained_2019_only,92.9%,Mildly elevated BP (Systolic 140-159 / Diastolic 90-99 mm Hg)
nfhs5_ncd_bp_moderately_severely_elevated_pct,nfhs5_moderately_or_severely_elevated_blood_pressure_systolic_160mm_of_hg_and_or_diastolic_100mm_of_hg,NFHS-5,percentage,2019-2019 (1 yrs),ncd,survey_baseline_retained_2019_only,92.9%,Moderately or severely elevated BP (Systolic >=160 / Diastolic >=100 mm Hg)
nfhs5_ncd_tobacco_women_pct,nfhs5_women_age_15_years_and_above_who_use_any_kind_of_tobacco,NFHS-5,percentage,2019-2019 (1 yrs),ncd,survey_baseline_retained_2019_only,92.9%,Women age 15+ who use any kind of tobacco
nfhs5_ncd_tobacco_men_pct,nfhs5_men_age_15_years_and_above_who_use_any_kind_of_tobacco,NFHS-5,percentage,2019-2019 (1 yrs),ncd,survey_baseline_retained_2019_only,92.9%,Men age 15+ who use any kind of tobacco
nfhs5_ncd_alcohol_women_pct,nfhs5_women_age_15_years_and_above_who_consume_alcohol,NFHS-5,percentage,2019-2019 (1 yrs),ncd,survey_baseline_retained_2019_only,92.9%,Women age 15+ who consume alcohol
communicable_child_diarrhoea_cases,hmis_number_of_cases_of_diarrhoea_and_dehydration_reported_in_children_below_5_years_of_age_public_and_private_facilities_or_rural_and_urban_facilities_value_in_absolute_number,HMIS,absolute_count,2008-2016 (8 yrs),communicable,direct_extraction,42.9%,Cases of diarrhoea and dehydration reported in children < 5
communicable_child_respiratory_cases,hmis_number_of_children_below_5_years_of_age_admitted_with_respiratory_infections_public_and_private_facilities_or_rural_and_urban_facilities_value_in_absolute_number,HMIS,absolute_count,2008-2016 (8 yrs),communicable,direct_extraction,42.9%,Children < 5 admitted with respiratory infections
communicable_child_malaria_cases,hmis_number_of_cases_of_malaria_reported_in_children_below_5_years_of_age_public_and_private_facilities_or_rural_and_urban_facilities_value_in_absolute_number,HMIS,absolute_count,2008-2016 (6 yrs),communicable,direct_extraction,57.1%,Cases of malaria reported in children < 5
communicable_adult_tb_deaths,hmis_number_of_adolscent_adult_deaths_due_to_tuberculosis_urban_value_in_absolute_number,HMIS,absolute_count,2017-2021 (5 yrs),communicable,direct_extraction,64.3%,Adult deaths due to Tuberculosis
communicable_dengue_deaths,hmis_number_of_deaths_due_to_dengue_urban_value_in_absolute_number,HMIS,absolute_count,2017-2021 (5 yrs),communicable,direct_extraction,64.3%,Deaths due to Dengue
communicable_adult_respiratory_deaths,hmis_number_of_adolscent_adult_deaths_due_to_respiratory_diseases_including_infections_other_than_tb_urban_value_in_absolute_number,HMIS,absolute_count,2017-2021 (5 yrs),communicable,direct_extraction,64.3%,Adult deaths due to respiratory diseases (other than TB)
nfhs5_communicable_diarrhoea_2wk_pct,nfhs5_prevalence_of_diarrhoea_in_the_2_weeks_preceding_the_survey,NFHS-5,percentage,2019-2019 (1 yrs),communicable,survey_baseline_retained_2019_only,92.9%,Prevalence of diarrhoea in last 2 weeks
nfhs5_communicable_ari_2wk_pct,nfhs5_prevalence_of_symptoms_of_acute_respiratory_infection_ari_in_the_2_weeks_preceding_the_survey,NFHS-5,percentage,2019-2019 (1 yrs),communicable,survey_baseline_retained_2019_only,92.9%,Prevalence of symptoms of ARI in last 2 weeks
healthcare_access_opd_attendance_total,hmis_allopathic_outpatient_attendance_urban_value_in_absolute_number,HMIS,absolute_count,2017-2021 (5 yrs),healthcare_access,direct_extraction,64.3%,Allopathic Outpatient total attendance
healthcare_access_inpatient_midnight_headcount,hmis_in_patient_head_count_at_midnight_urban_value_in_absolute_number,HMIS,absolute_count,2017-2021 (5 yrs),healthcare_access,direct_extraction,64.3%,Inpatient head count at midnight
healthcare_access_deliveries_public_facility,hmis_deliveries_conducted_at_public_institutions_including_c_sections_public_and_private_facilities_or_rural_and_urban_facilities_value_in_absolute_number,HMIS,absolute_count,2008-2016 (9 yrs),healthcare_access,direct_extraction,35.7%,Deliveries conducted at Public Institutions
healthcare_access_c_section_private_facility,hmis_no_of_c_section_deliveries_performed_at_private_facilities_public_and_private_facilities_or_rural_and_urban_facilities_value_in_absolute_number,HMIS,absolute_count,2008-2016 (9 yrs),healthcare_access,direct_extraction,35.7%,C-section deliveries performed at private facilities
nfhs5_healthcare_access_public_births_pct,nfhs5_institutional_births_in_public_facility,NFHS-5,percentage,2019-2019 (1 yrs),healthcare_access,survey_baseline_retained_2019_only,92.9%,Institutional births in public facility
nfhs5_healthcare_access_public_vaccination_pct,nfhs5_children_age_12_23_months_who_received_most_of_their_vaccinations_in_a_public_health_facility,NFHS-5,percentage,2019-2019 (1 yrs),healthcare_access,survey_baseline_retained_2019_only,92.9%,Children received most vaccinations in public facility
nfhs5_healthcare_access_oop_delivery_rs,nfhs5_average_out_of_pocket_expenditure_per_delivery_in_a_public_health_facility_rs,NFHS-5,inr,2019-2019 (1 yrs),healthcare_access,survey_baseline_retained_2019_only,92.9%,Average out-of-pocket expenditure per delivery in public facility
nfhs5_healthcare_access_mcp_card_pct,nfhs5_registered_pregnancies_for_which_the_mother_received_a_mother_and_child_protection_mcp_card,NFHS-5,percentage,2019-2019 (1 yrs),healthcare_access,survey_baseline_retained_2019_only,92.9%,Registered pregnancies received Mother and Child Protection (MCP) card
