year,fiscal_year,district,maternal_anc_registered_total,maternal_anc_3plus_checkups,maternal_ifa_100_tablets_given,maternal_institutional_deliveries_public,maternal_postpartum_checkup_48h,maternal_c_section_deliveries,maternal_eclampsia_managed,maternal_deaths_reported,nfhs5_maternal_anc_first_trimester_pct,nfhs5_maternal_anc_4plus_visits_pct,nfhs5_maternal_ifa_100_days_pct,nfhs5_maternal_ifa_180_days_pct,nfhs5_maternal_institutional_births_pct,nfhs5_maternal_skilled_attendance_pct,nfhs5_maternal_c_section_pct,nfhs5_maternal_postnatal_care_2days_pct,child_immunisation_sessions_held,child_fully_immunised_total,child_bcg_vaccinated,child_dpt3_vaccinated,child_opv3_vaccinated,child_measles_vaccinated,child_under5_deaths_reported,nfhs5_child_fully_vaccinated_pct,nfhs5_child_bcg_pct,nfhs5_child_polio3_pct,nfhs5_child_penta_dpt3_pct,nfhs5_child_measles_mcv1_pct,nfhs5_child_vitamin_a_pct,nutrition_newborns_weighed,nutrition_low_birth_weight_under_2_5kg,nutrition_breastfed_within_1hr,nfhs5_nutrition_stunting_pct,nfhs5_nutrition_wasting_pct,nfhs5_nutrition_severe_wasting_pct,nfhs5_nutrition_underweight_pct,nfhs5_nutrition_child_anemia_pct,nfhs5_nutrition_women_anemia_pct,nfhs5_nutrition_women_overweight_obese_pct,nfhs5_nutrition_women_underweight_pct,ncd_hypertension_cases_detected,ncd_outpatient_hypertension_attendance,ncd_outpatient_diabetes_attendance,ncd_outpatient_heart_disease_attendance,ncd_outpatient_stroke_attendance,ncd_adult_deaths_heart_hypertension,ncd_adult_deaths_cancer,nfhs5_ncd_blood_sugar_high_pct,nfhs5_ncd_blood_sugar_very_high_pct,nfhs5_ncd_bp_mildly_elevated_pct,nfhs5_ncd_bp_moderately_severely_elevated_pct,nfhs5_ncd_tobacco_women_pct,nfhs5_ncd_tobacco_men_pct,nfhs5_ncd_alcohol_women_pct,communicable_child_diarrhoea_cases,communicable_child_respiratory_cases,communicable_child_malaria_cases,communicable_adult_tb_deaths,communicable_dengue_deaths,communicable_adult_respiratory_deaths,nfhs5_communicable_diarrhoea_2wk_pct,nfhs5_communicable_ari_2wk_pct,healthcare_access_opd_attendance_total,healthcare_access_inpatient_midnight_headcount,healthcare_access_deliveries_public_facility,healthcare_access_c_section_private_facility,nfhs5_healthcare_access_public_births_pct,nfhs5_healthcare_access_public_vaccination_pct,nfhs5_healthcare_access_oop_delivery_rs,nfhs5_healthcare_access_mcp_card_pct
2008,2008-09,Kolkata,148882.0,98784.0,99749.0,69221.0,53987.0,,,105.0,,,,,,,,,13332.0,40625.0,80304.0,33967.0,44388.0,46000.0,340.0,,,,,,,80006.0,21181.0,,,,,,,,,,,,,,,,,,,,,,,,24330.0,647.0,5312.0,,,,,,,,69221.0,6381.0,,,,
2009,2009-10,Kolkata,131603.0,97448.0,58057.0,70220.0,42480.0,,,138.0,,,,,,,,,12514.0,33566.0,79226.0,48962.0,43798.0,43281.0,355.3333333333333,,,,,,,76549.0,16469.0,,,,,,,,,,,,,,,,,,,,,,,,9681.0,3332.0,1551.0,,,,,,,,70220.0,3602.0,,,,
2010,2010-11,Kolkata,125089.0,95449.0,61130.0,71237.0,52582.0,,226.0,22.0,,,,,,,,,11958.0,42408.0,83904.0,45794.0,45182.0,47058.0,345.3333333333333,,,,,,,76992.0,17990.0,25854.0,,,,,,,,,1806.0,,,,,,,,,,,,,,6492.0,4467.0,910.0,,,,,,,,71237.0,1928.0,,,,
2011,2011-12,Kolkata,147505.0,115527.0,54405.0,78890.0,50327.0,,390.0,12.0,,,,,,,,,11793.0,43021.0,91827.0,45276.0,40302.0,47722.0,283.3333333333333,,,,,,,86467.0,18762.0,30483.0,,,,,,,,,4403.0,,,,,,,,,,,,,,6715.0,5518.0,367.0,,,,,,,,78890.0,6981.0,,,,
2012,2012-13,Kolkata,128580.0,88714.0,36527.0,78339.0,56568.0,,1458.0,122.0,,,,,,,,,10530.0,42855.0,89071.0,45007.0,43064.0,46552.0,296.0,,,,,,,86308.0,20879.0,43643.0,,,,,,,,,2990.0,,,,,,,,,,,,,,2969.0,1759.0,120.0,,,,,,,,78339.0,5643.0,,,,
2013,2013-14,Kolkata,159031.0,106954.0,70265.0,84282.0,75614.0,,430.0,57.0,,,,,,,,,10564.0,40352.0,96495.0,41976.0,39756.0,44419.0,248.0,,,,,,,92749.0,21030.0,56744.0,,,,,,,,,54.0,,,,,,,,,,,,,,235.0,174.0,,,,,,,,,84282.0,6523.0,,,,
2014,2014-15,Kolkata,143173.0,104475.0,156037.0,79268.0,69894.0,,615.0,88.0,,,,,,,,,11519.0,41468.0,96428.0,42051.0,40658.0,45248.0,216.0,,,,,,,86923.0,17591.0,50515.0,,,,,,,,,1519.0,,,,,,,,,,,,,,,,,,,,,,,,79268.0,6181.0,,,,
2015,2015-16,Kolkata,135760.0,95880.0,186370.0,78570.0,56633.0,,837.0,138.0,,,,,,,,,10613.0,38933.0,94143.0,4592.0,36675.0,41960.0,199.33333333333331,,,,,,,86286.0,19052.0,57724.0,,,,,,,,,4178.0,,,,,,,,,,,,,,1171.0,1608.0,,,,,,,,,78570.0,6003.0,,,,
2016,2016-17,Kolkata,185674.0,121302.0,155771.0,74630.0,69773.0,,2405.0,70.0,,,,,,,,,11281.0,40994.0,90062.0,393.0,37370.0,41355.0,76.0,,,,,,,80149.0,21569.0,50310.0,,,,,,,,,4521.0,,,,,,,,,,,,,,10558.0,3682.0,314.0,,,,,,,,74630.0,5880.0,,,,
2017,2017-18,Kolkata,131971.0,,,,,46132.0,2224.0,,,,,,,,,,,,,,,,,,,,,,,81784.0,22426.0,58166.0,,,,,,,,,,67442.0,65686.0,10040.0,496.0,257.0,27.0,,,,,,,,,,,11.0,5.0,217.0,,,2597300.0,337051.0,,,,,,
2018,2018-19,Kolkata,76197.0,,,,,44503.0,485.0,,,,,,,,,,,,,,,,,,,,,,,76750.0,20924.0,55752.0,,,,,,,,,,93650.0,88634.0,10687.0,332.0,211.0,25.0,,,,,,,,,,,15.0,1.0,257.0,,,2899716.0,301702.0,,,,,,
2019,2019-20,Kolkata,97742.0,,,,,39789.0,796.0,,74.2,71.7,67.5,33.8,97.5,99.3,44.7,72.8,,,,,,,,80.2,97.7,84.7,91.0,91.0,58.0,70080.0,20114.0,52990.0,29.6,29.3,16.9,32.9,72.3,58.2,29.0,6.6,,132958.0,118716.0,8078.0,82.0,177.0,40.0,9.4,12.9,15.0,5.1,6.0,42.4,1.0,,,,5.0,1.0,203.0,5.6,2.6,2777947.0,255809.0,,,69.9,83.5,1969.0,94.4
2020,2020-21,Kolkata,95755.0,,,,,28739.0,762.0,,,,,,,,,,,,,,,,,,,,,,,50343.0,15813.0,41014.0,,,,,,,,,,163333.0,215521.0,44999.0,547.0,1096.0,181.0,,,,,,,,,,,45.0,5.0,1213.0,,,4931990.0,1750834.0,,,,,,
2021,2021-22,Kolkata,81440.0,,,,,35071.0,1072.0,,,,,,,,,,,,,,,,,,,,,,,58507.0,20032.0,46185.0,,,,,,,,,,219630.0,271496.0,63144.0,5217.0,1583.0,400.0,,,,,,,,,,,151.0,8.0,2067.0,,,7082739.0,2514690.0,,,,,,
